population,Q11_1,Q11_2,Q11_3,Q11_4,Q11_5,Q11_6,Q11_7,Q11_8,Q11_9,Q11_10,Q11_11,Q11_12,Q11_13,Q12_1,Q12_2,Q12_3,Q12_4,Q12_5,Q12_6,Q12_7,Q12_8,Q12_9,Q12_10,Q12_11,Q12_12,Q12_13,Q12_14,Q13_1,Q13_2,Q13_3,Q13_4,Q13_5,Q13_6,Q13_7,Q13_8,Q13_9,Q13_10,Q13_11,Q13_12,Q13_13,Q13_14,Q13_15,Q17,Q18_1,Q18_2,Q18_3,Q18_4,Q18_5,Q18_6,Q18_7,Q18_8,Q18_9,Q18_10,Q18_11,Q18_12,Q18_13,Q18_14,Q18_15,Q18_16,Q18_17,Q18_18,Q18_19,Q18_20,Q18_21,Q18_22,Q18_23,Q20,Q21
18 t/m 24_less than 4.999,0.4117647058823529,0.3382352941176471,0.014705882352941176,0.5735294117647058,0.4264705882352941,0.10294117647058823,0.3088235294117647,0.19117647058823528,0.14705882352941177,0.27941176470588236,0.3235294117647059,0.07352941176470588,0.04411764705882353,0.5147058823529411,0.38235294117647056,0.10294117647058823,0.6029411764705882,0.36764705882352944,0.07352941176470588,0.2647058823529412,0.22058823529411764,0.11764705882352941,0.29411764705882354,0.20588235294117646,0.08823529411764706,0.029411764705882353,0.014705882352941176,0.4117647058823529,0.5147058823529411,0.25,0.22058823529411764,0.29411764705882354,0.29411764705882354,0.3088235294117647,0.17647058823529413,0.29411764705882354,0.04411764705882353,0.29411764705882354,0.058823529411764705,0.07352941176470588,0.38235294117647056,0.04411764705882353,0.4595588235294118,0.6948529411764706,0.6691176470588235,0.5808823529411765,0.5147058823529411,0.5147058823529411,0.4595588235294118,0.44485294117647056,0.5625,0.6360294117647058,0.5147058823529411,0.4558823529411765,0.44485294117647056,0.44485294117647056,0.5992647058823529,0.4522058823529411,0.38602941176470584,0.4963235294117647,0.40441176470588236,0.5220588235294118,0.3933823529411765,0.48897058823529416,0.4522058823529411,0.4632352941176471,0.4963235294117647,0.36397058823529416
18 t/m 24_5.000-9.999,0.23529411764705882,0.29411764705882354,0.0,0.47058823529411764,0.23529411764705882,0.058823529411764705,0.058823529411764705,0.17647058823529413,0.11764705882352941,0.23529411764705882,0.23529411764705882,0.058823529411764705,0.0,0.35294117647058826,0.17647058823529413,0.11764705882352941,0.29411764705882354,0.23529411764705882,0.11764705882352941,0.0,0.29411764705882354,0.11764705882352941,0.17647058823529413,0.29411764705882354,0.0,0.0,0.0,0.23529411764705882,0.47058823529411764,0.23529411764705882,0.17647058823529413,0.35294117647058826,0.17647058823529413,0.11764705882352941,0.23529411764705882,0.17647058823529413,0.0,0.23529411764705882,0.11764705882352941,0.058823529411764705,0.23529411764705882,0.0,0.5441176470588235,0.47058823529411764,0.5882352941176471,0.5294117647058824,0.6029411764705882,0.47058823529411764,0.42647058823529416,0.36764705882352944,0.5882352941176471,0.5441176470588235,0.5,0.47058823529411764,0.5147058823529411,0.38235294117647056,0.5735294117647058,0.38235294117647056,0.42647058823529416,0.5147058823529411,0.42647058823529416,0.6029411764705882,0.42647058823529416,0.4852941176470589,0.4852941176470589,0.4852941176470589,0.4558823529411765,0.4558823529411765
18 t/m 24_10.000-19.999,0.46153846153846156,0.358974358974359,0.07692307692307693,0.5641025641025641,0.38461538461538464,0.23076923076923078,0.38461538461538464,0.41025641025641024,0.1282051282051282,0.3076923076923077,0.358974358974359,0.05128205128205128,0.05128205128205128,0.46153846153846156,0.3333333333333333,0.10256410256410256,0.48717948717948717,0.358974358974359,0.1794871794871795,0.07692307692307693,0.3076923076923077,0.1282051282051282,0.3076923076923077,0.23076923076923078,0.05128205128205128,0.0,0.02564102564102564,0.358974358974359,0.48717948717948717,0.3076923076923077,0.10256410256410256,0.4358974358974359,0.4358974358974359,0.3076923076923077,0.23076923076923078,0.46153846153846156,0.10256410256410256,0.23076923076923078,0.2564102564102564,0.20512820512820512,0.5641025641025641,0.0,0.46794871794871795,0.5512820512820513,0.5384615384615384,0.5,0.5192307692307693,0.4551282051282052,0.4423076923076923,0.42307692307692313,0.4358974358974359,0.5769230769230769,0.5256410256410257,0.3205128205128205,0.40384615384615385,0.3910256410256411,0.5576923076923077,0.35256410256410253,0.3717948717948718,0.46794871794871795,0.3653846153846154,0.5256410256410257,0.33333333333333337,0.4358974358974359,0.41025641025641024,0.4487179487179487,0.3653846153846154,0.3782051282051282
18 t/m 24_20.000-29.999,0.42424242424242425,0.15151515151515152,0.09090909090909091,0.36363636363636365,0.30303030303030304,0.12121212121212122,0.21212121212121213,0.21212121212121213,0.12121212121212122,0.18181818181818182,0.2727272727272727,0.12121212121212122,0.0,0.3333333333333333,0.24242424242424243,0.06060606060606061,0.24242424242424243,0.3333333333333333,0.09090909090909091,0.06060606060606061,0.24242424242424243,0.09090909090909091,0.18181818181818182,0.12121212121212122,0.12121212121212122,0.0,0.06060606060606061,0.24242424242424243,0.24242424242424243,0.42424242424242425,0.15151515151515152,0.36363636363636365,0.18181818181818182,0.18181818181818182,0.15151515151515152,0.12121212121212122,0.09090909090909091,0.30303030303030304,0.12121212121212122,0.0,0.21212121212121213,0.0,0.446969696969697,0.5833333333333334,0.6439393939393939,0.6439393939393939,0.5757575757575758,0.5,0.4696969696969697,0.553030303030303,0.5833333333333334,0.5606060606060606,0.5,0.4545454545454546,0.5075757575757576,0.41666666666666663,0.5757575757575758,0.5075757575757576,0.4696969696969697,0.5227272727272727,0.5075757575757576,0.5075757575757576,0.4242424242424242,0.43181818181818177,0.5,0.5227272727272727,0.38636363636363635,0.40909090909090906
18 t/m 24_more than 30.000,0.2608695652173913,0.21739130434782608,0.08695652173913043,0.30434782608695654,0.21739130434782608,0.13043478260869565,0.21739130434782608,0.21739130434782608,0.17391304347826086,0.13043478260869565,0.2608695652173913,0.21739130434782608,0.043478260869565216,0.30434782608695654,0.043478260869565216,0.08695652173913043,0.391304347826087,0.43478260869565216,0.17391304347826086,0.13043478260869565,0.17391304347826086,0.2608695652173913,0.13043478260869565,0.21739130434782608,0.17391304347826086,0.043478260869565216,0.043478260869565216,0.30434782608695654,0.30434782608695654,0.34782608695652173,0.30434782608695654,0.2608695652173913,0.17391304347826086,0.17391304347826086,0.13043478260869565,0.17391304347826086,0.13043478260869565,0.08695652173913043,0.043478260869565216,0.08695652173913043,0.17391304347826086,0.0,0.4130434782608695,0.5652173913043478,0.5652173913043478,0.48913043478260865,0.532608695652174,0.5652173913043478,0.5,0.48913043478260865,0.46739130434782605,0.5434782608695652,0.48913043478260865,0.3913043478260869,0.3913043478260869,0.3804347826086957,0.5434782608695652,0.46739130434782605,0.4565217391304348,0.5108695652173914,0.4565217391304348,0.4782608695652174,0.4347826086956522,0.3804347826086957,0.4565217391304348,0.3586956521739131,0.44565217391304346,0.32608695652173914
25 t/m 34_less than 4.999,0.5166666666666667,0.2,0.0,0.5,0.4,0.15,0.21666666666666667,0.15,0.03333333333333333,0.35,0.18333333333333332,0.0,0.03333333333333333,0.45,0.23333333333333334,0.1,0.5,0.31666666666666665,0.06666666666666667,0.2,0.05,0.05,0.3,0.11666666666666667,0.016666666666666666,0.03333333333333333,0.11666666666666667,0.36666666666666664,0.38333333333333336,0.3333333333333333,0.08333333333333333,0.31666666666666665,0.36666666666666664,0.25,0.11666666666666667,0.31666666666666665,0.06666666666666667,0.2,0.11666666666666667,0.05,0.3333333333333333,0.06666666666666667,0.4291666666666667,0.625,0.5791666666666667,0.5541666666666667,0.5333333333333333,0.525,0.4375,0.42500000000000004,0.5541666666666667,0.5875,0.5291666666666667,0.4458333333333333,0.45833333333333337,0.43333333333333335,0.6541666666666667,0.44166666666666665,0.4291666666666667,0.5166666666666667,0.3833333333333333,0.5083333333333333,0.4208333333333333,0.4833333333333333,0.4208333333333333,0.4666666666666667,0.5458333333333333,0.36250000000000004
25 t/m 34_5.000-9.999,0.6190476190476191,0.23809523809523808,0.047619047619047616,0.6666666666666666,0.23809523809523808,0.19047619047619047,0.3333333333333333,0.2857142857142857,0.09523809523809523,0.5714285714285714,0.23809523809523808,0.09523809523809523,0.0,0.5238095238095238,0.38095238095238093,0.19047619047619047,0.6190476190476191,0.23809523809523808,0.19047619047619047,0.19047619047619047,0.14285714285714285,0.0,0.5238095238095238,0.09523809523809523,0.047619047619047616,0.0,0.09523809523809523,0.6190476190476191,0.47619047619047616,0.19047619047619047,0.09523809523809523,0.3333333333333333,0.42857142857142855,0.14285714285714285,0.09523809523809523,0.3333333333333333,0.047619047619047616,0.2857142857142857,0.19047619047619047,0.19047619047619047,0.5714285714285714,0.09523809523809523,0.45238095238095233,0.5595238095238095,0.6428571428571429,0.5714285714285714,0.5595238095238095,0.48809523809523814,0.38095238095238093,0.38095238095238093,0.5238095238095238,0.6547619047619048,0.5952380952380952,0.47619047619047616,0.48809523809523814,0.4642857142857143,0.6666666666666666,0.4285714285714286,0.41666666666666663,0.5476190476190477,0.34523809523809523,0.5357142857142857,0.40476190476190477,0.4642857142857143,0.45238095238095233,0.5,0.5119047619047619,0.34523809523809523
25 t/m 34_10.000-19.999,0.43137254901960786,0.19607843137254902,0.0196078431372549,0.45098039215686275,0.27450980392156865,0.09803921568627451,0.2549019607843137,0.3137254901960784,0.0392156862745098,0.3137254901960784,0.19607843137254902,0.0392156862745098,0.0,0.3137254901960784,0.23529411764705882,0.09803921568627451,0.5686274509803921,0.21568627450980393,0.17647058823529413,0.1568627450980392,0.17647058823529413,0.0392156862745098,0.2549019607843137,0.0784313725490196,0.0196078431372549,0.0,0.0784313725490196,0.45098039215686275,0.39215686274509803,0.3137254901960784,0.19607843137254902,0.3137254901960784,0.27450980392156865,0.17647058823529413,0.0784313725490196,0.29411764705882354,0.0784313725490196,0.1568627450980392,0.058823529411764705,0.0784313725490196,0.29411764705882354,0.0,0.4117647058823529,0.5,0.5784313725490197,0.5245098039215687,0.5245098039215687,0.5294117647058824,0.4019607843137255,0.37745098039215685,0.4607843137254902,0.553921568627451,0.47549019607843135,0.42647058823529416,0.41666666666666663,0.3921568627450981,0.553921568627451,0.42647058823529416,0.4019607843137255,0.46568627450980393,0.3970588235294118,0.4901960784313726,0.4068627450980392,0.5,0.42647058823529416,0.4362745098039216,0.3921568627450981,0.3529411764705882
25 t/m 34_20.000-29.999,0.45,0.25,0.1,0.475,0.275,0.15,0.275,0.2,0.125,0.225,0.275,0.025,0.0,0.3,0.15,0.275,0.5,0.25,0.125,0.25,0.075,0.1,0.2,0.225,0.025,0.025,0.0,0.25,0.25,0.25,0.15,0.5,0.3,0.225,0.15,0.325,0.1,0.175,0.125,0.2,0.3,0.0,0.48124999999999996,0.525,0.6375,0.49375,0.5125,0.48124999999999996,0.39375000000000004,0.40625,0.45625000000000004,0.56875,0.48750000000000004,0.39375000000000004,0.41874999999999996,0.41874999999999996,0.61875,0.36875,0.375,0.475,0.39375000000000004,0.48124999999999996,0.32499999999999996,0.4375,0.38125,0.41874999999999996,0.38749999999999996,0.38749999999999996
25 t/m 34_more than 30.000,0.45714285714285713,0.3142857142857143,0.14285714285714285,0.4857142857142857,0.2857142857142857,0.08571428571428572,0.2,0.4,0.2857142857142857,0.4,0.4,0.22857142857142856,0.02857142857142857,0.4857142857142857,0.4857142857142857,0.3142857142857143,0.6,0.37142857142857144,0.3142857142857143,0.22857142857142856,0.34285714285714286,0.2,0.42857142857142855,0.42857142857142855,0.17142857142857143,0.02857142857142857,0.0,0.5428571428571428,0.37142857142857144,0.4,0.34285714285714286,0.45714285714285713,0.4857142857142857,0.2857142857142857,0.4,0.45714285714285713,0.2857142857142857,0.42857142857142855,0.2857142857142857,0.3142857142857143,0.4,0.02857142857142857,0.40714285714285714,0.5785714285714286,0.5785714285714286,0.5714285714285714,0.4714285714285714,0.48571428571428577,0.44285714285714284,0.5071428571428571,0.4,0.6214285714285714,0.4571428571428572,0.4357142857142857,0.4642857142857143,0.41428571428571426,0.5785714285714286,0.41428571428571426,0.4357142857142857,0.4714285714285714,0.3928571428571429,0.44285714285714284,0.30000000000000004,0.47857142857142854,0.3571428571428571,0.44999999999999996,0.4285714285714286,0.3928571428571429
35 t/m 44_less than 4.999,0.37254901960784315,0.23529411764705882,0.0784313725490196,0.5490196078431373,0.17647058823529413,0.0784313725490196,0.2549019607843137,0.1568627450980392,0.058823529411764705,0.35294117647058826,0.21568627450980393,0.0784313725490196,0.0392156862745098,0.43137254901960786,0.27450980392156865,0.19607843137254902,0.6078431372549019,0.13725490196078433,0.0392156862745098,0.1568627450980392,0.13725490196078433,0.058823529411764705,0.27450980392156865,0.17647058823529413,0.058823529411764705,0.0196078431372549,0.21568627450980393,0.3333333333333333,0.2549019607843137,0.13725490196078433,0.0784313725490196,0.29411764705882354,0.3333333333333333,0.11764705882352941,0.0784313725490196,0.3137254901960784,0.0196078431372549,0.13725490196078433,0.11764705882352941,0.17647058823529413,0.47058823529411764,0.0392156862745098,0.42156862745098034,0.6078431372549019,0.6176470588235294,0.5833333333333334,0.5294117647058824,0.5,0.41666666666666663,0.4509803921568627,0.5588235294117647,0.5735294117647058,0.5784313725490197,0.4607843137254902,0.4852941176470589,0.43137254901960786,0.6176470588235294,0.42156862745098034,0.4068627450980392,0.5245098039215687,0.3921568627450981,0.5294117647058824,0.3382352941176471,0.5147058823529411,0.4558823529411765,0.4558823529411765,0.4950980392156863,0.3529411764705882
35 t/m 44_5.000-9.999,0.38461538461538464,0.38461538461538464,0.07692307692307693,0.6153846153846154,0.23076923076923078,0.11538461538461539,0.34615384615384615,0.2692307692307692,0.07692307692307693,0.34615384615384615,0.11538461538461539,0.07692307692307693,0.07692307692307693,0.34615384615384615,0.38461538461538464,0.15384615384615385,0.5769230769230769,0.2692307692307692,0.15384615384615385,0.23076923076923078,0.07692307692307693,0.038461538461538464,0.23076923076923078,0.11538461538461539,0.0,0.07692307692307693,0.07692307692307693,0.4230769230769231,0.3076923076923077,0.34615384615384615,0.11538461538461539,0.3076923076923077,0.34615384615384615,0.23076923076923078,0.19230769230769232,0.3076923076923077,0.11538461538461539,0.19230769230769232,0.11538461538461539,0.15384615384615385,0.4230769230769231,0.038461538461538464,0.4326923076923077,0.6057692307692307,0.5673076923076923,0.5673076923076923,0.5480769230769231,0.5096153846153846,0.4807692307692307,0.4423076923076923,0.5480769230769231,0.6730769230769231,0.5576923076923077,0.4326923076923077,0.5096153846153846,0.4903846153846154,0.5961538461538461,0.41346153846153844,0.4423076923076923,0.45192307692307687,0.28846153846153844,0.5,0.27884615384615385,0.5,0.40384615384615385,0.4326923076923077,0.4423076923076923,0.34615384615384615
35 t/m 44_10.000-19.999,0.5263157894736842,0.2894736842105263,0.05263157894736842,0.7105263157894737,0.3026315789473684,0.10526315789473684,0.3815789473684211,0.2631578947368421,0.09210526315789473,0.4473684210526316,0.2236842105263158,0.02631578947368421,0.06578947368421052,0.47368421052631576,0.3157894736842105,0.25,0.6447368421052632,0.21052631578947367,0.13157894736842105,0.27631578947368424,0.18421052631578946,0.09210526315789473,0.35526315789473684,0.17105263157894737,0.06578947368421052,0.02631578947368421,0.07894736842105263,0.5921052631578947,0.34210526315789475,0.3157894736842105,0.14473684210526316,0.4605263157894737,0.4868421052631579,0.23684210526315788,0.21052631578947367,0.4342105263157895,0.17105263157894737,0.34210526315789475,0.13157894736842105,0.23684210526315788,0.5131578947368421,0.013157894736842105,0.48684210526315785,0.5822368421052632,0.5625,0.5394736842105263,0.5131578947368421,0.4901315789473685,0.4013157894736842,0.3782894736842105,0.5263157894736842,0.5756578947368421,0.5230263157894737,0.35855263157894735,0.4013157894736842,0.4013157894736842,0.5526315789473685,0.41776315789473684,0.42105263157894735,0.4769736842105263,0.3453947368421053,0.48026315789473684,0.3453947368421053,0.45723684210526316,0.4013157894736842,0.4111842105263158,0.4375,0.3980263157894737
35 t/m 44_20.000-29.999,0.43902439024390244,0.4878048780487805,0.17073170731707318,0.5121951219512195,0.36585365853658536,0.07317073170731707,0.5609756097560976,0.34146341463414637,0.17073170731707318,0.43902439024390244,0.2926829268292683,0.04878048780487805,0.04878048780487805,0.3170731707317073,0.3902439024390244,0.4634146341463415,0.5853658536585366,0.2682926829268293,0.17073170731707318,0.4146341463414634,0.21951219512195122,0.14634146341463414,0.36585365853658536,0.21951219512195122,0.0975609756097561,0.04878048780487805,0.0975609756097561,0.4878048780487805,0.2926829268292683,0.3170731707317073,0.24390243902439024,0.43902439024390244,0.4146341463414634,0.2682926829268293,0.21951219512195122,0.43902439024390244,0.24390243902439024,0.3170731707317073,0.0975609756097561,0.34146341463414637,0.6097560975609756,0.04878048780487805,0.39634146341463417,0.6097560975609756,0.6585365853658537,0.5914634146341463,0.5609756097560976,0.5670731707317073,0.4207317073170732,0.38414634146341464,0.4512195121951219,0.6036585365853658,0.4390243902439024,0.323170731707317,0.4085365853658537,0.3780487804878049,0.5548780487804879,0.35365853658536583,0.39634146341463417,0.5060975609756098,0.4085365853658537,0.573170731707317,0.4207317073170732,0.46341463414634143,0.3902439024390244,0.3902439024390244,0.4390243902439024,0.36585365853658536
35 t/m 44_more than 30.000,0.3684210526315789,0.4473684210526316,0.10526315789473684,0.42105263157894735,0.3157894736842105,0.10526315789473684,0.47368421052631576,0.34210526315789475,0.13157894736842105,0.4473684210526316,0.34210526315789475,0.10526315789473684,0.0,0.34210526315789475,0.39473684210526316,0.42105263157894735,0.4473684210526316,0.3157894736842105,0.13157894736842105,0.2631578947368421,0.15789473684210525,0.05263157894736842,0.5263157894736842,0.21052631578947367,0.10526315789473684,0.0,0.07894736842105263,0.5,0.42105263157894735,0.21052631578947367,0.13157894736842105,0.5789473684210527,0.42105263157894735,0.3157894736842105,0.23684210526315788,0.5,0.07894736842105263,0.2894736842105263,0.2894736842105263,0.42105263157894735,0.39473684210526316,0.0,0.36184210526315785,0.5723684210526315,0.6118421052631579,0.6118421052631579,0.5263157894736842,0.48684210526315785,0.375,0.375,0.4144736842105263,0.5986842105263158,0.45394736842105265,0.35526315789473684,0.4078947368421053,0.3486842105263158,0.5131578947368421,0.35526315789473684,0.38815789473684215,0.4342105263157895,0.3223684210526315,0.42105263157894735,0.3092105263157895,0.4736842105263158,0.42105263157894735,0.4013157894736842,0.39473684210526316,0.4013157894736842
45 t/m 54_less than 4.999,0.37037037037037035,0.14814814814814814,0.05555555555555555,0.5925925925925926,0.3148148148148148,0.037037037037037035,0.18518518518518517,0.09259259259259259,0.0,0.4074074074074074,0.09259259259259259,0.0,0.05555555555555555,0.42592592592592593,0.14814814814814814,0.16666666666666666,0.46296296296296297,0.2037037037037037,0.018518518518518517,0.1111111111111111,0.07407407407407407,0.018518518518518517,0.2962962962962963,0.14814814814814814,0.05555555555555555,0.037037037037037035,0.18518518518518517,0.46296296296296297,0.3333333333333333,0.2777777777777778,0.018518518518518517,0.2962962962962963,0.35185185185185186,0.18518518518518517,0.07407407407407407,0.3148148148148148,0.05555555555555555,0.14814814814814814,0.24074074074074073,0.25925925925925924,0.46296296296296297,0.018518518518518517,0.45833333333333337,0.6574074074074074,0.6527777777777778,0.5509259259259259,0.6203703703703703,0.5740740740740741,0.45833333333333337,0.4722222222222222,0.6481481481481481,0.6435185185185185,0.5925925925925926,0.3935185185185185,0.43518518518518523,0.4537037037037037,0.6388888888888888,0.4722222222222222,0.4814814814814815,0.5648148148148148,0.39814814814814814,0.5509259259259259,0.3935185185185185,0.4814814814814815,0.4629629629629629,0.45833333333333337,0.4814814814814815,0.37962962962962965
45 t/m 54_5.000-9.999,0.5454545454545454,0.3181818181818182,0.022727272727272728,0.7954545454545454,0.3181818181818182,0.09090909090909091,0.2727272727272727,0.3409090909090909,0.06818181818181818,0.38636363636363635,0.20454545454545456,0.0,0.06818181818181818,0.38636363636363635,0.18181818181818182,0.22727272727272727,0.7272727272727273,0.18181818181818182,0.13636363636363635,0.25,0.11363636363636363,0.045454545454545456,0.4318181818181818,0.13636363636363635,0.022727272727272728,0.022727272727272728,0.11363636363636363,0.6136363636363636,0.3181818181818182,0.13636363636363635,0.11363636363636363,0.36363636363636365,0.5,0.13636363636363635,0.1590909090909091,0.4318181818181818,0.022727272727272728,0.4318181818181818,0.1590909090909091,0.3409090909090909,0.6818181818181818,0.0,0.44318181818181823,0.6761363636363636,0.6193181818181818,0.5738636363636364,0.5681818181818182,0.5681818181818182,0.4204545454545454,0.40340909090909094,0.5511363636363636,0.6420454545454546,0.5909090909090909,0.3352272727272727,0.43181818181818177,0.36363636363636365,0.5568181818181818,0.3977272727272727,0.40340909090909094,0.4829545454545454,0.3295454545454546,0.48863636363636365,0.25568181818181823,0.4602272727272727,0.375,0.38636363636363635,0.49431818181818177,0.36363636363636365
45 t/m 54_10.000-19.999,0.5119047619047619,0.4642857142857143,0.14285714285714285,0.7023809523809523,0.2857142857142857,0.11904761904761904,0.44047619047619047,0.2976190476190476,0.10714285714285714,0.5476190476190477,0.2976190476190476,0.023809523809523808,0.03571428571428571,0.2857142857142857,0.3333333333333333,0.40476190476190477,0.5833333333333334,0.16666666666666666,0.13095238095238096,0.27380952380952384,0.16666666666666666,0.11904761904761904,0.42857142857142855,0.16666666666666666,0.011904761904761904,0.047619047619047616,0.15476190476190477,0.5833333333333334,0.34523809523809523,0.2857142857142857,0.16666666666666666,0.4166666666666667,0.47619047619047616,0.25,0.14285714285714285,0.4523809523809524,0.13095238095238096,0.2619047619047619,0.19047619047619047,0.32142857142857145,0.6071428571428571,0.023809523809523808,0.43452380952380953,0.625,0.6101190476190477,0.5773809523809523,0.5892857142857143,0.5476190476190477,0.39583333333333337,0.39880952380952384,0.5654761904761905,0.6488095238095238,0.5238095238095238,0.3928571428571429,0.42261904761904767,0.41369047619047616,0.5714285714285714,0.38095238095238093,0.42261904761904767,0.47619047619047616,0.3035714285714286,0.5029761904761905,0.29166666666666663,0.44940476190476186,0.38988095238095233,0.44047619047619047,0.4910714285714286,0.35416666666666663
45 t/m 54_20.000-29.999,0.5757575757575758,0.45454545454545453,0.10606060606060606,0.7121212121212122,0.3939393939393939,0.09090909090909091,0.45454545454545453,0.3484848484848485,0.09090909090909091,0.5151515151515151,0.2878787878787879,0.015151515151515152,0.015151515151515152,0.36363636363636365,0.4090909090909091,0.5151515151515151,0.7272727272727273,0.3181818181818182,0.07575757575757576,0.3484848484848485,0.18181818181818182,0.09090909090909091,0.4696969696969697,0.19696969696969696,0.030303030303030304,0.06060606060606061,0.06060606060606061,0.5303030303030303,0.3787878787878788,0.4090909090909091,0.18181818181818182,0.4696969696969697,0.5303030303030303,0.25757575757575757,0.24242424242424243,0.5151515151515151,0.18181818181818182,0.3181818181818182,0.19696969696969696,0.3787878787878788,0.5303030303030303,0.015151515151515152,0.428030303030303,0.6477272727272727,0.6477272727272727,0.5833333333333334,0.5984848484848485,0.5757575757575758,0.43939393939393945,0.4204545454545454,0.5113636363636364,0.6477272727272727,0.5265151515151515,0.38257575757575757,0.40909090909090906,0.4204545454545454,0.5871212121212122,0.41287878787878785,0.41287878787878785,0.48863636363636365,0.34090909090909094,0.5151515151515151,0.31439393939393945,0.48484848484848486,0.41666666666666663,0.4507575757575758,0.46212121212121215,0.38257575757575757
45 t/m 54_more than 30.000,0.46875,0.375,0.15625,0.5,0.21875,0.09375,0.46875,0.25,0.0625,0.375,0.1875,0.03125,0.03125,0.21875,0.3125,0.40625,0.53125,0.25,0.15625,0.375,0.125,0.09375,0.3125,0.09375,0.03125,0.0625,0.125,0.5625,0.40625,0.125,0.0625,0.53125,0.40625,0.25,0.25,0.40625,0.1875,0.375,0.09375,0.4375,0.375,0.03125,0.2421875,0.625,0.515625,0.484375,0.578125,0.46875,0.296875,0.4296875,0.3359375,0.5546875,0.4296875,0.3125,0.3671875,0.265625,0.453125,0.296875,0.3984375,0.4375,0.2578125,0.4609375,0.3203125,0.4140625,0.3828125,0.359375,0.3984375,0.390625
55 t/m 70_less than 4.999,0.4444444444444444,0.2222222222222222,0.031746031746031744,0.5396825396825397,0.2698412698412698,0.047619047619047616,0.25396825396825395,0.15873015873015872,0.047619047619047616,0.38095238095238093,0.12698412698412698,0.0,0.09523809523809523,0.3968253968253968,0.30158730158730157,0.2698412698412698,0.6507936507936508,0.23809523809523808,0.07936507936507936,0.2857142857142857,0.09523809523809523,0.09523809523809523,0.42857142857142855,0.15873015873015872,0.015873015873015872,0.047619047619047616,0.19047619047619047,0.4603174603174603,0.3492063492063492,0.2698412698412698,0.07936507936507936,0.3492063492063492,0.47619047619047616,0.2857142857142857,0.12698412698412698,0.3492063492063492,0.12698412698412698,0.25396825396825395,0.1746031746031746,0.23809523809523808,0.5396825396825397,0.031746031746031744,0.4642857142857143,0.6626984126984127,0.6031746031746031,0.5555555555555556,0.5595238095238095,0.5634920634920635,0.4642857142857143,0.4484126984126984,0.6785714285714286,0.6428571428571429,0.5873015873015873,0.376984126984127,0.46031746031746035,0.4126984126984127,0.623015873015873,0.4484126984126984,0.45238095238095233,0.5,0.36904761904761907,0.49603174603174605,0.33333333333333337,0.4920634920634921,0.4365079365079365,0.4841269841269841,0.5476190476190477,0.34523809523809523
55 t/m 70_5.000-9.999,0.5211267605633803,0.4507042253521127,0.14084507042253522,0.6901408450704225,0.39436619718309857,0.08450704225352113,0.4647887323943662,0.352112676056338,0.028169014084507043,0.3380281690140845,0.14084507042253522,0.014084507042253521,0.028169014084507043,0.23943661971830985,0.323943661971831,0.36619718309859156,0.6056338028169014,0.2112676056338028,0.08450704225352113,0.23943661971830985,0.14084507042253522,0.028169014084507043,0.38028169014084506,0.056338028169014086,0.028169014084507043,0.04225352112676056,0.19718309859154928,0.5070422535211268,0.38028169014084506,0.22535211267605634,0.07042253521126761,0.49295774647887325,0.39436619718309857,0.23943661971830985,0.11267605633802817,0.5352112676056338,0.09859154929577464,0.22535211267605634,0.19718309859154928,0.352112676056338,0.5915492957746479,0.014084507042253521,0.46478873239436624,0.6056338028169014,0.6161971830985915,0.5,0.528169014084507,0.5422535211267606,0.38732394366197187,0.43309859154929575,0.6267605633802817,0.6338028169014085,0.5669014084507042,0.33098591549295775,0.4014084507042254,0.38732394366197187,0.5950704225352113,0.39084507042253525,0.39084507042253525,0.4894366197183099,0.33098591549295775,0.5,0.27112676056338025,0.47887323943661975,0.43309859154929575,0.41901408450704225,0.5105633802816901,0.3380281690140845
55 t/m 70_10.000-19.999,0.5443037974683544,0.44936708860759494,0.10759493670886076,0.7278481012658228,0.34810126582278483,0.0949367088607595,0.4620253164556962,0.34177215189873417,0.0759493670886076,0.3987341772151899,0.1962025316455696,0.006329113924050633,0.05063291139240506,0.37341772151898733,0.310126582278481,0.4810126582278481,0.5949367088607594,0.17088607594936708,0.03164556962025317,0.26582278481012656,0.1518987341772152,0.02531645569620253,0.3291139240506329,0.10126582278481013,0.0379746835443038,0.0379746835443038,0.1518987341772152,0.569620253164557,0.2911392405063291,0.25949367088607594,0.06329113924050633,0.5,0.4177215189873418,0.18354430379746836,0.11392405063291139,0.5316455696202531,0.25316455696202533,0.22151898734177214,0.14556962025316456,0.3987341772151899,0.5126582278481012,0.02531645569620253,0.4082278481012658,0.6439873417721519,0.6123417721518988,0.5585443037974683,0.5743670886075949,0.555379746835443,0.40031645569620256,0.379746835443038,0.5411392405063291,0.6186708860759493,0.5363924050632911,0.3338607594936709,0.42721518987341767,0.370253164556962,0.5284810126582279,0.37341772151898733,0.3876582278481012,0.4636075949367089,0.2927215189873418,0.49208860759493667,0.28006329113924056,0.4778481012658228,0.4129746835443038,0.44145569620253167,0.47943037974683544,0.36867088607594933
55 t/m 70_20.000-29.999,0.46808510638297873,0.44680851063829785,0.19148936170212766,0.6170212765957447,0.2765957446808511,0.1276595744680851,0.46808510638297873,0.3191489361702128,0.0851063829787234,0.46808510638297873,0.2127659574468085,0.02127659574468085,0.1702127659574468,0.2978723404255319,0.3191489361702128,0.48936170212765956,0.5531914893617021,0.1702127659574468,0.1276595744680851,0.23404255319148937,0.10638297872340426,0.02127659574468085,0.2553191489361702,0.06382978723404255,0.02127659574468085,0.1276595744680851,0.2127659574468085,0.5957446808510638,0.3404255319148936,0.1702127659574468,0.0425531914893617,0.46808510638297873,0.425531914893617,0.14893617021276595,0.14893617021276595,0.425531914893617,0.1276595744680851,0.14893617021276595,0.1276595744680851,0.5319148936170213,0.3829787234042553,0.0851063829787234,0.36170212765957444,0.5904255319148937,0.601063829787234,0.5638297872340425,0.5585106382978723,0.5904255319148937,0.39893617021276595,0.3936170212765957,0.48404255319148937,0.601063829787234,0.5053191489361702,0.38829787234042556,0.46808510638297873,0.37765957446808507,0.5212765957446809,0.37234042553191493,0.36170212765957444,0.473404255319149,0.32446808510638303,0.5212765957446809,0.2606382978723404,0.4521276595744681,0.3670212765957447,0.42021276595744683,0.5106382978723404,0.3829787234042553
55 t/m 70_more than 30.000,0.5277777777777778,0.5277777777777778,0.19444444444444445,0.5833333333333334,0.2777777777777778,0.1388888888888889,0.5277777777777778,0.3055555555555556,0.05555555555555555,0.4722222222222222,0.16666666666666666,0.0,0.05555555555555555,0.2777777777777778,0.3611111111111111,0.6111111111111112,0.4722222222222222,0.1388888888888889,0.08333333333333333,0.16666666666666666,0.16666666666666666,0.05555555555555555,0.4166666666666667,0.19444444444444445,0.08333333333333333,0.1111111111111111,0.19444444444444445,0.5277777777777778,0.2222222222222222,0.19444444444444445,0.027777777777777776,0.5555555555555556,0.4444444444444444,0.19444444444444445,0.19444444444444445,0.5555555555555556,0.16666666666666666,0.2222222222222222,0.1111111111111111,0.5,0.5277777777777778,0.027777777777777776,0.2222222222222222,0.6041666666666666,0.5763888888888888,0.5625,0.5694444444444444,0.5208333333333334,0.4027777777777778,0.4375,0.35416666666666663,0.5625,0.47916666666666663,0.3472222222222222,0.41666666666666663,0.375,0.5347222222222222,0.3680555555555556,0.4097222222222222,0.5,0.3472222222222222,0.47916666666666663,0.33333333333333337,0.45138888888888884,0.4027777777777778,0.4027777777777778,0.4930555555555556,0.3472222222222222
